{
  "timestamp": "2025-10-06T13:48:23.512855",
  "documents_processed": 2,
  "processing_time_seconds": 0.009317159652709961,
  "violations_found": 4,
  "errors_count": 0,
  "success_rate": 100.0,
  "avg_processing_speed": 12879.461603418715
}